DT_GERACAO;HH_GERACAO;CD_PLEITO;SG_UF;CD_MUNICIPIO;NM_MUNICIPIO;NR_ZONA;NR_URNA_ESPERADA;CD_CARGA_URNA_ESPERADA;CD_FLASHCARD_URNA_ESPERADA;DT_CARGA_URNA_ESPERADA;ST_CORRESP_ALTERADA
27/10/2018;14:41:59;229;AC;1570;ASSIS BRASIL;6;1176959;1,54E+23;23C345C4;27/09/2018 09:49;*
27/10/2018;14:41:59;229;AC;1570;ASSIS BRASIL;6;1175789;3,25E+23;23C345C4;27/09/2018 11:49;*
27/10/2018;14:41:59;229;AC;1570;ASSIS BRASIL;6;1174553;2,45E+23;23C345C4;27/09/2018 09:41;*
27/10/2018;14:41:59;229;AC;1570;ASSIS BRASIL;6;1105693;9,72E+23;23C345C4;27/09/2018 11:38;*
27/10/2018;14:41:59;229;AC;1570;ASSIS BRASIL;6;1104820;7,09E+23;23C345C4;27/09/2018 10:52;*
27/10/2018;14:41:59;229;AC;1570;ASSIS BRASIL;6;1101091;5,07E+23;23C345C4;27/09/2018 10:44;*
27/10/2018;14:41:59;229;AC;1570;ASSIS BRASIL;6;1072106;7,90E+23;23C345C4;27/09/2018 11:28;*
27/10/2018;14:41:59;229;AC;1570;ASSIS BRASIL;6;1071674;5,78E+23;23C345C4;27/09/2018 10:38;*
27/10/2018;14:41:59;229;AC;1554;MANOEL URBANO;3;1107252;3,97E+23;67F57686;26/09/2018 17:57;*
27/10/2018;14:41:59;229;AC;1554;MANOEL URBANO;3;1106174;3,67E+23;67F57686;26/09/2018 18:07;*
27/10/2018;14:41:59;229;AC;1554;MANOEL URBANO;3;1105834;6,90E+23;67F57686;26/09/2018 17:43;*
27/10/2018;14:41:59;229;AC;1554;MANOEL URBANO;3;1104778;6,80E+23;67F57686;20/10/2018 14:41;*
27/10/2018;14:41:59;229;AC;1554;MANOEL URBANO;3;1104748;4,98E+23;67F57686;27/09/2018 15:03;*
27/10/2018;14:41:59;229;AC;1554;MANOEL URBANO;3;1104381;6,10E+23;67F57686;26/09/2018 18:12;*
27/10/2018;14:41:59;229;AC;1554;MANOEL URBANO;3;1104090;1,05E+23;67F57686;21/10/2018 10:41;*
27/10/2018;14:41:59;229;AC;1554;MANOEL URBANO;3;1103250;7,81E+23;67F57686;21/10/2018 10:10;*
27/10/2018;14:41:59;229;AC;1554;MANOEL URBANO;3;1101968;5,39E+23;67F57686;27/09/2018 14:53;*
27/10/2018;14:41:59;229;AC;1554;MANOEL URBANO;3;1101393;4,88E+23;67F57686;26/09/2018 18:20;*
27/10/2018;14:41:59;229;AC;1554;MANOEL URBANO;3;1101320;9,44E+22;67F57686;26/09/2018 18:02;*
27/10/2018;14:41:59;229;AC;1554;MANOEL URBANO;3;1056154;6,60E+23;67F57686;27/09/2018 11:39;*
27/10/2018;14:41:59;229;AC;1554;MANOEL URBANO;3;1015902;2,36E+23;67F57686;20/10/2018 11:01;*
27/10/2018;14:41:59;229;AC;1554;MANOEL URBANO;3;1015704;7,51E+23;67F57686;26/09/2018 17:48;*
27/10/2018;14:41:59;229;AC;1554;MANOEL URBANO;3;1009099;1,55E+23;67F57686;26/09/2018 17:53;*
27/10/2018;14:41:59;229;AC;1554;MANOEL URBANO;3;1005748;3,07E+23;67F57686;20/10/2018 14:21;*
27/10/2018;14:41:59;229;AC;1538;SENADOR GUIOMARD;8;1193722;3,79E+23;C050F90C;27/09/2018 10:57;*
27/10/2018;14:41:59;229;AC;1538;SENADOR GUIOMARD;8;1192281;2,68E+23;C050F90C;27/09/2018 10:28;*
27/10/2018;14:41:59;229;AC;1538;SENADOR GUIOMARD;8;1106834;3,79E+23;E58BAE0F;27/09/2018 10:09;*
27/10/2018;14:41:59;229;AC;1538;SENADOR GUIOMARD;8;1106451;6,01E+23;C050F90C;27/09/2018 10:45;*
27/10/2018;14:41:59;229;AC;1538;SENADOR GUIOMARD;8;1105398;3,48E+23;C050F90C;27/09/2018 10:12;*
27/10/2018;14:41:59;229;AC;1538;SENADOR GUIOMARD;8;1104882;8,74E+23;E58BAE0F;27/09/2018 10:52;*
27/10/2018;14:41:59;229;AC;1538;SENADOR GUIOMARD;8;1104488;9,75E+23;C050F90C;27/09/2018 10:11;*
27/10/2018;14:41:59;229;AC;1538;SENADOR GUIOMARD;8;1103744;1,97E+23;E58BAE0F;27/09/2018 10:58;*
27/10/2018;14:41:59;229;AC;1538;SENADOR GUIOMARD;8;1103190;8,03E+23;C050F90C;27/09/2018 10:23;*
27/10/2018;14:41:59;229;AC;1538;SENADOR GUIOMARD;8;1103013;3,58E+23;C050F90C;27/09/2018 10:34;*
27/10/2018;14:41:59;229;AC;1538;SENADOR GUIOMARD;8;1101730;6,11E+23;C050F90C;27/09/2018 10:40;*
27/10/2018;14:41:59;229;AC;1538;SENADOR GUIOMARD;8;1101701;8,43E+23;E58BAE0F;27/09/2018 10:38;*
27/10/2018;14:41:59;229;AC;1538;SENADOR GUIOMARD;8;1101418;8,94E+23;E58BAE0F;27/09/2018 10:15;*
27/10/2018;14:41:59;229;AC;1538;SENADOR GUIOMARD;8;1099189;5,55E+22;E58BAE0F;27/09/2018 10:31;*
27/10/2018;14:41:59;229;AC;1538;SENADOR GUIOMARD;8;1081344;4,99E+21;C050F90C;27/09/2018 10:17;*
27/10/2018;14:41:59;229;AC;1538;SENADOR GUIOMARD;8;1079784;3,79E+23;E58BAE0F;27/09/2018 10:45;*
27/10/2018;14:41:59;229;AC;1538;SENADOR GUIOMARD;8;1014767;2,88E+23;E58BAE0F;27/09/2018 10:20;*
27/10/2018;14:41:59;229;AC;1538;SENADOR GUIOMARD;8;1009938;7,32E+23;C050F90C;27/09/2018 10:51;*
27/10/2018;14:41:59;229;AC;1511;PLÁCIDO DE CASTRO;8;1211566;5,72E+23;A38EE9E5;26/09/2018 13:41;*
27/10/2018;14:41:59;229;AC;1511;PLÁCIDO DE CASTRO;8;1211221;1,66E+22;A38EE9E5;27/09/2018 10:46;*
27/10/2018;14:41:59;229;AC;1511;PLÁCIDO DE CASTRO;8;1195253;6,49E+21;A38EE9E5;26/09/2018 13:58;*
27/10/2018;14:41:59;229;AC;1511;PLÁCIDO DE CASTRO;8;1163039;4,00E+23;3EE74041;27/09/2018 11:05;*
27/10/2018;14:41:59;229;AC;1511;PLÁCIDO DE CASTRO;8;1105945;7,94E+23;3EE74041;26/09/2018 13:42;*
27/10/2018;14:41:59;229;AC;1511;PLÁCIDO DE CASTRO;8;1104870;7,54E+23;3EE74041;26/09/2018 13:54;*
27/10/2018;14:41:59;229;AC;1511;PLÁCIDO DE CASTRO;8;1104794;7,34E+23;A38EE9E5;26/09/2018 14:24;*
27/10/2018;14:41:59;229;AC;1511;PLÁCIDO DE CASTRO;8;1103627;4,71E+23;3EE74041;26/09/2018 13:33;*
27/10/2018;14:41:59;229;AC;1511;PLÁCIDO DE CASTRO;8;1103259;5,12E+23;3EE74041;27/09/2018 10:46;*
27/10/2018;14:41:59;229;AC;1511;PLÁCIDO DE CASTRO;8;1101288;5,82E+23;3EE74041;26/09/2018 13:27;*
27/10/2018;14:41:59;229;AC;1511;PLÁCIDO DE CASTRO;8;1100816;4,71E+23;A38EE9E5;27/09/2018 10:53;*
27/10/2018;14:41:59;229;AC;1511;PLÁCIDO DE CASTRO;8;1077144;2,59E+23;A38EE9E5;26/09/2018 14:06;*
27/10/2018;14:41:59;229;AC;1511;PLÁCIDO DE CASTRO;8;1070975;3,09E+23;3EE74041;26/09/2018 13:47;*
27/10/2018;14:41:59;229;AC;1511;PLÁCIDO DE CASTRO;8;1033699;4,11E+23;A38EE9E5;26/09/2018 13:52;*
27/10/2018;14:41:59;229;AC;1511;PLÁCIDO DE CASTRO;8;1031579;8,25E+23;3EE74041;26/09/2018 14:14;*
27/10/2018;14:41:59;229;AC;1511;PLÁCIDO DE CASTRO;8;1010083;1,58E+23;3EE74041;26/09/2018 14:00;*
27/10/2018;14:41:59;229;AC;1490;XAPURI;2;1192839;2,16E+23;8A75AE2D;28/09/2018 15:15;*
27/10/2018;14:41:59;229;AC;1490;XAPURI;2;1190764;8,02E+23;8A75AE2D;28/09/2018 14:14;*
27/10/2018;14:41:59;229;AC;1490;XAPURI;2;1179059;3,67E+23;8A75AE2D;28/09/2018 14:51;*
27/10/2018;14:41:59;229;AC;1490;XAPURI;2;1159859;3,98E+23;8A75AE2D;28/09/2018 15:53;*
27/10/2018;14:41:59;229;AC;1490;XAPURI;2;1136941;1,45E+23;2C4E4BF6;28/09/2018 15:11;*
27/10/2018;14:41:59;229;AC;1490;XAPURI;2;1106789;5,59E+23;2C4E4BF6;28/09/2018 15:02;*
27/10/2018;14:41:59;229;AC;1490;XAPURI;2;1105850;5,41E+22;8A75AE2D;28/09/2018 15:25;*
27/10/2018;14:41:59;229;AC;1490;XAPURI;2;1104876;2,76E+23;2C4E4BF6;28/09/2018 14:41;*
27/10/2018;14:41:59;229;AC;1490;XAPURI;2;1104873;5,49E+23;8A75AE2D;28/09/2018 14:58;*
27/10/2018;14:41:59;229;AC;1490;XAPURI;2;1104407;7,81E+23;8A75AE2D;28/09/2018 14:31;*
27/10/2018;14:41:59;229;AC;1490;XAPURI;2;1103319;8,44E+22;2C4E4BF6;28/09/2018 14:48;*
27/10/2018;14:41:59;229;AC;1490;XAPURI;2;1103082;3,67E+23;2C4E4BF6;28/09/2018 14:58;*
27/10/2018;14:41:59;229;AC;1490;XAPURI;2;1024892;1,37E+22;8A75AE2D;28/09/2018 14:45;*
27/10/2018;14:41:59;229;AC;1490;XAPURI;2;1023814;1,85E+23;8A75AE2D;28/09/2018 14:37;*
27/10/2018;14:41:59;229;AC;1490;XAPURI;2;1014927;8,93E+23;8A75AE2D;28/09/2018 15:10;*
27/10/2018;14:41:59;229;AC;1490;XAPURI;2;1011077;3,17E+23;2C4E4BF6;28/09/2018 15:22;*
27/10/2018;14:41:59;229;AC;1473;TARAUACÁ;5;1205955;7,01E+23;5EC4D04A;27/09/2018 18:14;*
27/10/2018;14:41:59;229;AC;1473;TARAUACÁ;5;1193993;2,36E+23;0C3BC33C;27/09/2018 17:31;*
27/10/2018;14:41:59;229;AC;1473;TARAUACÁ;5;1193832;5,39E+23;C044759D;27/09/2018 18:01;*
27/10/2018;14:41:59;229;AC;1473;TARAUACÁ;5;1193725;2,16E+23;C044759D;27/09/2018 15:55;*
27/10/2018;14:41:59;229;AC;1473;TARAUACÁ;5;1192427;3,37E+23;C044759D;28/09/2018 09:13;*
27/10/2018;14:41:59;229;AC;1473;TARAUACÁ;5;1188929;5,90E+23;0C3BC33C;27/09/2018 18:05;*
27/10/2018;14:41:59;229;AC;1473;TARAUACÁ;5;1181920;5,50E+23;6F3A5A0A;27/09/2018 17:38;*
27/10/2018;14:41:59;229;AC;1473;TARAUACÁ;5;1176830;1,96E+23;0C3BC33C;28/09/2018 10:06;*
27/10/2018;14:41:59;229;AC;1473;TARAUACÁ;5;1175732;8,43E+23;C044759D;27/09/2018 17:25;*
27/10/2018;14:41:59;229;AC;1473;TARAUACÁ;5;1125005;9,44E+23;5EC4D04A;27/09/2018 17:25;*
27/10/2018;14:41:59;229;AC;1473;TARAUACÁ;5;1104682;5,50E+23;6F3A5A0A;27/09/2018 17:43;*
27/10/2018;14:41:59;229;AC;1473;TARAUACÁ;5;1104019;7,49E+22;C044759D;27/09/2018 17:49;*
27/10/2018;14:41:59;229;AC;1473;TARAUACÁ;5;1103982;4,59E+23;5EC4D04A;27/09/2018 18:07;*
27/10/2018;14:41:59;229;AC;1473;TARAUACÁ;5;1098196;4,99E+23;0C3BC33C;28/09/2018 09:14;*
27/10/2018;14:41:59;229;AC;1473;TARAUACÁ;5;1088716;9,74E+23;C044759D;27/09/2018 17:37;*
27/10/2018;14:41:59;229;AC;1473;TARAUACÁ;5;1077944;4,18E+23;5EC4D04A;27/09/2018 18:02;*
27/10/2018;14:41:59;229;AC;1473;TARAUACÁ;5;1075898;2,26E+23;0C3BC33C;27/09/2018 17:25;*
27/10/2018;14:41:59;229;AC;1473;TARAUACÁ;5;1069630;3,68E+23;6F3A5A0A;27/09/2018 16:35;*
27/10/2018;14:41:59;229;AC;1473;TARAUACÁ;5;1067325;5,50E+23;0C3BC33C;28/09/2018 09:09;*
27/10/2018;14:41:59;229;AC;1473;TARAUACÁ;5;1065029;2,06E+23;5EC4D04A;28/09/2018 09:09;*
27/10/2018;14:41:59;229;AC;1473;TARAUACÁ;5;1061397;4,28E+23;6F3A5A0A;27/09/2018 17:32;*
27/10/2018;14:41:59;229;AC;1473;TARAUACÁ;5;1032962;5,29E+23;6F3A5A0A;27/09/2018 17:49;*
27/10/2018;14:41:59;229;AC;1473;TARAUACÁ;5;1032952;1,76E+23;6F3A5A0A;27/09/2018 18:07;*
27/10/2018;14:41:59;229;AC;1473;TARAUACÁ;5;1031468;7,01E+23;6F3A5A0A;27/09/2018 18:01;*
27/10/2018;14:41:59;229;AC;1473;TARAUACÁ;5;1031233;3,68E+23;C044759D;27/09/2018 18:07;*
27/10/2018;14:41:59;229;AC;1473;TARAUACÁ;5;1031016;9,74E+23;0C3BC33C;27/09/2018 16:35;*
27/10/2018;14:41:59;229;AC;1473;TARAUACÁ;5;1029702;3,98E+23;6F3A5A0A;28/09/2018 09:09;*
27/10/2018;14:41:59;229;AC;1473;TARAUACÁ;5;1029384;9,54E+23;6F3A5A0A;28/09/2018 09:18;*
27/10/2018;14:41:59;229;AC;1473;TARAUACÁ;5;1023710;7,82E+23;6F3A5A0A;27/09/2018 17:25;*
27/10/2018;14:41:59;229;AC;1473;TARAUACÁ;5;1015369;3,37E+23;0C3BC33C;27/09/2018 17:56;*
27/10/2018;14:41:59;229;AC;1473;TARAUACÁ;5;1014434;1,66E+23;5EC4D04A;28/09/2018 09:18;*
27/10/2018;14:41:59;229;AC;1473;TARAUACÁ;5;1013731;6,20E+23;C044759D;27/09/2018 16:47;*
27/10/2018;14:41:59;229;AC;1473;TARAUACÁ;5;1013233;6,10E+23;C044759D;28/09/2018 09:09;*
27/10/2018;14:41:59;229;AC;1473;TARAUACÁ;5;1012959;3,48E+23;6F3A5A0A;27/09/2018 17:55;*
27/10/2018;14:41:59;229;AC;1473;TARAUACÁ;5;1009660;2,97E+23;0C3BC33C;27/09/2018 17:43;*
27/10/2018;14:41:59;229;AC;1473;TARAUACÁ;5;1008914;9,64E+23;0C3BC33C;27/09/2018 17:49;*
27/10/2018;14:41:59;229;AC;1457;SENA MADUREIRA;3;1142983;8,14E+23;AD541B52;26/09/2018 14:41;*
27/10/2018;14:41:59;229;AC;1457;SENA MADUREIRA;3;1114304;9,75E+23;AD541B52;26/09/2018 15:15;*
27/10/2018;14:41:59;229;AC;1457;SENA MADUREIRA;3;1106701;9,35E+23;C6886884;26/09/2018 18:01;*
27/10/2018;14:41:59;229;AC;1457;SENA MADUREIRA;3;1103850;8,84E+23;C6886884;26/09/2018 17:29;*
27/10/2018;14:41:59;229;AC;1457;SENA MADUREIRA;3;1102838;4,70E+23;C6886884;26/09/2018 15:47;*
27/10/2018;14:41:59;229;AC;1457;SENA MADUREIRA;3;1102833;5,21E+23;AD541B52;26/09/2018 18:17;*
27/10/2018;14:41:59;229;AC;1457;SENA MADUREIRA;3;1102722;1,67E+23;C6886884;26/09/2018 15:41;*
27/10/2018;14:41:59;229;AC;1457;SENA MADUREIRA;3;1102507;4,80E+23;C6886884;26/09/2018 18:19;*
27/10/2018;14:41:59;229;AC;1457;SENA MADUREIRA;3;1102472;2,88E+23;C6886884;26/09/2018 16:08;*
27/10/2018;14:41:59;229;AC;1457;SENA MADUREIRA;3;1094638;5,91E+23;AD541B52;26/09/2018 15:20;*
27/10/2018;14:41:59;229;AC;1457;SENA MADUREIRA;3;1080147;7,23E+23;AD541B52;26/09/2018 18:12;*
27/10/2018;14:41:59;229;AC;1457;SENA MADUREIRA;3;1078853;2,88E+23;C6886884;26/09/2018 17:12;*
27/10/2018;14:41:59;229;AC;1457;SENA MADUREIRA;3;1078246;3,69E+23;AD541B52;26/09/2018 15:06;*
27/10/2018;14:41:59;229;AC;1457;SENA MADUREIRA;3;1069730;2,68E+23;C6886884;26/09/2018 16:02;*
27/10/2018;14:41:59;229;AC;1457;SENA MADUREIRA;3;1057136;8,24E+23;AD541B52;26/09/2018 18:08;*
27/10/2018;14:41:59;229;AC;1457;SENA MADUREIRA;3;1023799;3,69E+23;C6886884;26/09/2018 17:07;*
27/10/2018;14:41:59;229;AC;1457;SENA MADUREIRA;3;1023712;4,70E+23;AD541B52;26/09/2018 15:01;*
27/10/2018;14:41:59;229;AC;1457;SENA MADUREIRA;3;1014594;8,14E+23;C6886884;26/09/2018 15:54;*
27/10/2018;14:41:59;229;AC;1392;RIO BRANCO;9;1510019;5,70E+23;B761998C;30/09/2018 15:26;*
27/10/2018;14:41:59;229;AC;1392;RIO BRANCO;9;1224914;7,42E+23;1DA4648F;30/09/2018 18:01;*
27/10/2018;14:41:59;229;AC;1392;RIO BRANCO;9;1211569;5,40E+23;1DA4648F;30/09/2018 17:08;*
27/10/2018;14:41:59;229;AC;1392;RIO BRANCO;9;1211281;1,76E+23;584831CE;30/09/2018 18:23;*
27/10/2018;14:41:59;229;AC;1392;RIO BRANCO;9;1211273;1,76E+23;921BFFA5;30/09/2018 15:03;*
27/10/2018;14:41:59;229;AC;1392;RIO BRANCO;9;1210680;3,99E+23;B9BABA30;30/09/2018 18:07;*
27/10/2018;14:41:59;229;AC;1392;RIO BRANCO;9;1194963;4,59E+23;F7CDDE5D;30/09/2018 16:17;*
27/10/2018;14:41:59;229;AC;1392;RIO BRANCO;9;1194311;9,56E+22;FADB1606;30/09/2018 18:04;*
27/10/2018;14:41:59;229;AC;1392;RIO BRANCO;9;1185324;4,49E+23;4741240A;30/09/2018 18:32;*
27/10/2018;14:41:59;229;AC;1392;RIO BRANCO;9;1176510;1,87E+23;1DA4648F;30/09/2018 16:12;*
27/10/2018;14:41:59;229;AC;1392;RIO BRANCO;9;1170498;8,23E+23;921BFFA5;30/09/2018 17:07;*
27/10/2018;14:41:59;229;AC;1392;RIO BRANCO;9;1170293;4,19E+23;1DA4648F;30/09/2018 18:11;*
27/10/2018;14:41:59;229;AC;1392;RIO BRANCO;9;1126066;4,69E+23;4741240A;30/09/2018 18:14;*
27/10/2018;14:41:59;229;AC;1392;RIO BRANCO;9;1125050;4,90E+23;2F642622;30/09/2018 18:04;*
27/10/2018;14:41:59;229;AC;1392;RIO BRANCO;9;1106906;3,48E+23;921BFFA5;30/09/2018 15:19;*
27/10/2018;14:41:59;229;AC;1392;RIO BRANCO;9;1106784;3,58E+23;584831CE;30/09/2018 17:51;*
27/10/2018;14:41:59;229;AC;1392;RIO BRANCO;9;1106707;1,46E+23;B9BABA30;30/09/2018 18:32;*
27/10/2018;14:41:59;229;AC;1392;RIO BRANCO;9;1106421;8,23E+23;F7CDDE5D;30/09/2018 17:51;*
27/10/2018;14:41:59;229;AC;1392;RIO BRANCO;9;1106227;7,54E+22;1DA4648F;30/09/2018 17:51;*
27/10/2018;14:41:59;229;AC;1392;RIO BRANCO;9;1106099;3,48E+23;F7CDDE5D;30/09/2018 18:32;*
27/10/2018;14:41:59;229;AC;1392;RIO BRANCO;9;1105961;2,07E+23;B761998C;30/09/2018 17:17;*
27/10/2018;14:41:59;229;AC;1392;RIO BRANCO;9;1105922;7,32E+23;921BFFA5;30/09/2018 18:23;*
27/10/2018;14:41:59;229;AC;1392;RIO BRANCO;9;1105888;2,47E+23;272F5227;30/09/2018 16:51;*
27/10/2018;14:41:59;229;AC;1392;RIO BRANCO;9;1105849;8,23E+23;921BFFA5;30/09/2018 17:51;*
27/10/2018;14:41:59;229;AC;1392;RIO BRANCO;9;1105750;8,94E+23;F7CDDE5D;30/09/2018 16:42;*
27/10/2018;14:41:59;229;AC;1392;RIO BRANCO;9;1105695;2,77E+23;FADB1606;30/09/2018 18:34;*
27/10/2018;14:41:59;229;AC;1392;RIO BRANCO;9;1105690;8,63E+23;921BFFA5;30/09/2018 17:19;*
27/10/2018;14:41:59;229;AC;1392;RIO BRANCO;9;1105669;9,64E+23;272F5227;30/09/2018 16:17;*
27/10/2018;14:41:59;229;AC;1392;RIO BRANCO;9;1105326;2,77E+23;B761998C;30/09/2018 17:08;*
27/10/2018;14:41:59;229;AC;1392;RIO BRANCO;9;1105316;2,49E+22;2F642622;30/09/2018 18:24;*
27/10/2018;14:41:59;229;AC;1392;RIO BRANCO;9;1105267;8,55E+22;2F642622;30/09/2018 17:41;*
27/10/2018;14:41:59;229;AC;1392;RIO BRANCO;9;1105047;3,58E+23;F7CDDE5D;30/09/2018 18:11;*
27/10/2018;14:41:59;229;AC;1392;RIO BRANCO;9;1105028;9,04E+23;FADB1606;30/09/2018 17:13;*
27/10/2018;14:41:59;229;AC;1392;RIO BRANCO;9;1104941;8,13E+23;584831CE;30/09/2018 17:17;*
27/10/2018;14:41:59;229;AC;1392;RIO BRANCO;9;1104902;5,81E+23;584831CE;30/09/2018 16:42;*
27/10/2018;14:41:59;229;AC;1392;RIO BRANCO;9;1104860;9,74E+23;F7CDDE5D;30/09/2018 16:51;*
27/10/2018;14:41:59;229;AC;1392;RIO BRANCO;9;1104796;7,93E+23;F7CDDE5D;30/09/2018 15:15;*
27/10/2018;14:41:59;229;AC;1392;RIO BRANCO;9;1104772;9,74E+23;F7CDDE5D;30/09/2018 18:22;*
27/10/2018;14:41:59;229;AC;1392;RIO BRANCO;9;1104690;2,88E+23;921BFFA5;30/09/2018 16:51;*
27/10/2018;14:41:59;229;AC;1392;RIO BRANCO;9;1104623;1,76E+23;467DC7B5;30/09/2018 17:54;*
27/10/2018;14:41:59;229;AC;1392;RIO BRANCO;9;1104560;1,87E+23;584831CE;30/09/2018 18:02;*
27/10/2018;14:41:59;229;AC;1392;RIO BRANCO;9;1104525;1,06E+23;4741240A;30/09/2018 17:41;*
27/10/2018;14:41:59;229;AC;1392;RIO BRANCO;9;1104486;7,72E+23;F7CDDE5D;30/09/2018 18:02;*
27/10/2018;14:41:59;229;AC;1392;RIO BRANCO;9;1104439;7,22E+23;FADB1606;30/09/2018 17:54;*
27/10/2018;14:41:59;229;AC;1392;RIO BRANCO;9;1104279;3,50E+22;467DC7B5;30/09/2018 18:14;*
27/10/2018;14:41:59;229;AC;1392;RIO BRANCO;9;1104260;5,30E+23;1DA4648F;30/09/2018 17:17;*
27/10/2018;14:41:59;229;AC;1392;RIO BRANCO;9;1104248;3,68E+23;584831CE;30/09/2018 17:27;*
27/10/2018;14:41:59;229;AC;1392;RIO BRANCO;9;1104237;2,49E+22;B9BABA30;30/09/2018 17:54;*
27/10/2018;14:41:59;229;AC;1392;RIO BRANCO;9;1104028;1,48E+22;272F5227;30/09/2018 17:19;*
27/10/2018;14:41:59;229;AC;1392;RIO BRANCO;9;1103958;4,69E+23;B761998C;30/09/2018 17:51;*
27/10/2018;14:41:59;229;AC;1392;RIO BRANCO;9;1103864;9,04E+23;272F5227;30/09/2018 18:12;*
27/10/2018;14:41:59;229;AC;1392;RIO BRANCO;9;1103784;3,58E+23;921BFFA5;30/09/2018 18:01;*
27/10/2018;14:41:59;229;AC;1392;RIO BRANCO;9;1103780;6,61E+23;B761998C;30/09/2018 17:00;*
27/10/2018;14:41:59;229;AC;1392;RIO BRANCO;9;1103462;3,68E+23;272F5227;30/09/2018 15:19;*
27/10/2018;14:41:59;229;AC;1392;RIO BRANCO;9;1103438;8,43E+23;B761998C;30/09/2018 18:01;*
27/10/2018;14:41:59;229;AC;1392;RIO BRANCO;9;1103416;8,73E+23;584831CE;30/09/2018 17:00;*
27/10/2018;14:41:59;229;AC;1392;RIO BRANCO;9;1103392;5,70E+23;B9BABA30;30/09/2018 17:13;*
27/10/2018;14:41:59;229;AC;1392;RIO BRANCO;9;1103384;1,87E+23;F7CDDE5D;30/09/2018 17:27;*
27/10/2018;14:41:59;229;AC;1392;RIO BRANCO;9;1103363;2,57E+23;F7CDDE5D;30/09/2018 17:18;*
27/10/2018;14:41:59;229;AC;1392;RIO BRANCO;9;1103310;1,76E+23;B761998C;30/09/2018 16:42;*
27/10/2018;14:41:59;229;AC;1392;RIO BRANCO;9;1103244;8,23E+23;4741240A;30/09/2018 18:07;*
27/10/2018;14:41:59;229;AC;1392;RIO BRANCO;9;1102846;9,56E+22;584831CE;30/09/2018 17:08;*
27/10/2018;14:41:59;229;AC;1392;RIO BRANCO;9;1102783;9,44E+23;272F5227;30/09/2018 17:51;*
27/10/2018;14:41:59;229;AC;1392;RIO BRANCO;9;1102681;7,22E+23;2F642622;30/09/2018 17:11;*
27/10/2018;14:41:59;229;AC;1392;RIO BRANCO;9;1102518;6,41E+23;4741240A;30/09/2018 17:54;*
27/10/2018;14:41:59;229;AC;1392;RIO BRANCO;9;1102508;9,24E+23;1DA4648F;30/09/2018 18:22;*
27/10/2018;14:41:59;229;AC;1392;RIO BRANCO;9;1102478;3,68E+23;272F5227;30/09/2018 18:23;*
27/10/2018;14:41:59;229;AC;1392;RIO BRANCO;9;1102452;9,34E+23;1DA4648F;30/09/2018 17:00;*
27/10/2018;14:41:59;229;AC;1392;RIO BRANCO;9;1102389;2,47E+23;467DC7B5;30/09/2018 18:04;*
27/10/2018;14:41:59;229;AC;1392;RIO BRANCO;9;1102385;9,04E+23;A1DFB042;30/09/2018 17:54;*
27/10/2018;14:41:59;229;AC;1392;RIO BRANCO;9;1101765;6,82E+23;921BFFA5;30/09/2018 17:27;*
27/10/2018;14:41:59;229;AC;1392;RIO BRANCO;9;1101666;2,67E+23;1DA4648F;30/09/2018 16:42;*
27/10/2018;14:41:59;229;AC;1392;RIO BRANCO;9;1101577;3,18E+23;921BFFA5;30/09/2018 18:12;*
27/10/2018;14:41:59;229;AC;1392;RIO BRANCO;9;1101471;8,53E+23;B9BABA30;30/09/2018 17:41;*
27/10/2018;14:41:59;229;AC;1392;RIO BRANCO;9;1101461;1,46E+23;B761998C;30/09/2018 18:12;*
27/10/2018;14:41:59;229;AC;1392;RIO BRANCO;9;1101291;2,77E+23;2F642622;30/09/2018 18:32;*
27/10/2018;14:41:59;229;AC;1392;RIO BRANCO;9;1101257;6,51E+23;272F5227;30/09/2018 16:59;*
27/10/2018;14:41:59;229;AC;1392;RIO BRANCO;9;1101160;6,31E+23;4741240A;30/09/2018 17:48;*
27/10/2018;14:41:59;229;AC;1392;RIO BRANCO;9;1100984;5,20E+23;1DA4648F;30/09/2018 16:51;*
27/10/2018;14:41:59;229;AC;1392;RIO BRANCO;9;1100844;3,48E+23;F7CDDE5D;30/09/2018 16:59;*
27/10/2018;14:41:59;229;AC;1392;RIO BRANCO;9;1100726;3,50E+22;2F642622;30/09/2018 18:14;*
27/10/2018;14:41:59;229;AC;1392;RIO BRANCO;9;1100718;3,50E+22;272F5227;30/09/2018 16:43;*
27/10/2018;14:41:59;229;AC;1392;RIO BRANCO;9;1100708;8,73E+23;FADB1606;30/09/2018 17:41;*
27/10/2018;14:41:59;229;AC;1392;RIO BRANCO;9;1100703;9,74E+23;921BFFA5;30/09/2018 16:59;*
27/10/2018;14:41:59;229;AC;1392;RIO BRANCO;9;1100643;6,11E+23;B761998C;30/09/2018 16:51;*
27/10/2018;14:41:59;229;AC;1392;RIO BRANCO;9;1100366;7,62E+23;F7CDDE5D;30/09/2018 14:48;*
27/10/2018;14:41:59;229;AC;1392;RIO BRANCO;9;1099547;2,98E+23;B761998C;30/09/2018 17:27;*
27/10/2018;14:41:59;229;AC;1392;RIO BRANCO;9;1098849;8,73E+23;584831CE;30/09/2018 15:00;*
27/10/2018;14:41:59;229;AC;1392;RIO BRANCO;9;1097420;1,66E+23;272F5227;30/09/2018 17:27;*
27/10/2018;14:41:59;229;AC;1392;RIO BRANCO;9;1097146;2,77E+23;272F5227;30/09/2018 18:01;*
27/10/2018;14:41:59;229;AC;1392;RIO BRANCO;9;1093375;3,18E+23;467DC7B5;30/09/2018 17:41;*
27/10/2018;14:41:59;229;AC;1392;RIO BRANCO;9;1089993;5,00E+23;584831CE;30/09/2018 18:12;*
27/10/2018;14:41:59;229;AC;1392;RIO BRANCO;9;1080431;3,48E+23;B761998C;30/09/2018 18:23;*
27/10/2018;14:41:59;229;AC;1392;RIO BRANCO;9;1076750;1,48E+22;921BFFA5;30/09/2018 16:17;*
27/10/2018;14:41:59;229;AC;1392;RIO BRANCO;9;1075925;6,41E+23;1DA4648F;30/09/2018 15:14;*
27/10/2018;14:41:59;229;AC;1392;RIO BRANCO;9;1073083;9,95E+23;FADB1606;30/09/2018 18:14;*
27/10/2018;14:41:59;229;AC;1392;RIO BRANCO;9;1067708;8,94E+23;584831CE;30/09/2018 16:51;*
27/10/2018;14:41:59;229;AC;1392;RIO BRANCO;9;1064298;5,30E+23;272F5227;30/09/2018 17:07;*
27/10/2018;14:41:59;229;AC;1392;RIO BRANCO;9;1042005;4,09E+23;1DA4648F;30/09/2018 17:27;*
27/10/2018;14:41:59;229;AC;1392;RIO BRANCO;9;1038994;1,97E+23;1DA4648F;30/09/2018 14:50;*
27/10/2018;14:41:59;229;AC;1392;RIO BRANCO;9;1035967;8,73E+23;921BFFA5;30/09/2018 16:42;*
27/10/2018;14:41:59;229;AC;1392;RIO BRANCO;9;1031727;9,04E+23;584831CE;30/09/2018 15:11;*
27/10/2018;14:41:59;229;AC;1392;RIO BRANCO;1;1516042;3,48E+23;30CE1513;29/09/2018 11:27;*
27/10/2018;14:41:59;229;AC;1392;RIO BRANCO;1;1211083;9,64E+23;C26018AC;29/09/2018 11:39;*
27/10/2018;14:41:59;229;AC;1392;RIO BRANCO;1;1211066;7,52E+23;8587790;29/09/2018 11:27;*
27/10/2018;14:41:59;229;AC;1392;RIO BRANCO;1;1210632;3,78E+23;A84E10AF;29/09/2018 11:26;*
27/10/2018;14:41:59;229;AC;1392;RIO BRANCO;1;1210094;5,60E+23;A6AA6DD3;29/09/2018 10:57;*
27/10/2018;14:41:59;229;AC;1392;RIO BRANCO;1;1204866;3,48E+23;A84E10AF;29/09/2018 12:26;*
27/10/2018;14:41:59;229;AC;1392;RIO BRANCO;1;1200271;6,71E+23;A6AA6DD3;29/09/2018 11:10;*
27/10/2018;14:41:59;229;AC;1392;RIO BRANCO;1;1195313;1,48E+22;7FEA6467;29/09/2018 11:39;*
27/10/2018;14:41:59;229;AC;1392;RIO BRANCO;1;1194317;1,97E+23;A84E10AF;29/09/2018 10:23;*
27/10/2018;14:41:59;229;AC;1392;RIO BRANCO;1;1194303;4,90E+23;B4ED9275;29/09/2018 11:55;*
27/10/2018;14:41:59;229;AC;1392;RIO BRANCO;1;1193967;7,02E+23;A84E10AF;29/09/2018 11:39;*
27/10/2018;14:41:59;229;AC;1392;RIO BRANCO;1;1193197;4,69E+23;8587790;29/09/2018 09:52;*
27/10/2018;14:41:59;229;AC;1392;RIO BRANCO;1;1185645;9,56E+22;889D071C;29/09/2018 11:33;*
27/10/2018;14:41:59;229;AC;1392;RIO BRANCO;1;1178025;9,54E+23;A84E10AF;29/09/2018 11:50;*
27/10/2018;14:41:59;229;AC;1392;RIO BRANCO;1;1161331;6,92E+23;4DDD1A3A;29/09/2018 10:23;*
27/10/2018;14:41:59;229;AC;1392;RIO BRANCO;1;1146690;3,48E+23;A84E10AF;29/09/2018 10:41;*
27/10/2018;14:41:59;229;AC;1392;RIO BRANCO;1;1144109;4,79E+23;7FEA6467;29/09/2018 12:10;*
27/10/2018;14:41:59;229;AC;1392;RIO BRANCO;1;1142848;4,49E+23;8587790;29/09/2018 11:48;*
27/10/2018;14:41:59;229;AC;1392;RIO BRANCO;1;1127448;3,68E+23;30CE1513;29/09/2018 12:11;*
27/10/2018;14:41:59;229;AC;1392;RIO BRANCO;1;1126451;9,56E+22;889D071C;29/09/2018 11:55;*
27/10/2018;14:41:59;229;AC;1392;RIO BRANCO;1;1123925;4,49E+23;07E827E0;29/09/2018 11:15;*
27/10/2018;14:41:59;229;AC;1392;RIO BRANCO;1;1107147;4,19E+23;B4ED9275;29/09/2018 11:35;*
27/10/2018;14:41:59;229;AC;1392;RIO BRANCO;1;1106378;4,79E+23;7FEA6467;29/09/2018 11:48;*
27/10/2018;14:41:59;229;AC;1392;RIO BRANCO;1;1106327;7,32E+23;7FEA6467;29/09/2018 12:26;*
27/10/2018;14:41:59;229;AC;1392;RIO BRANCO;1;1106234;1,66E+23;B4ED9275;29/09/2018 11:17;*
27/10/2018;14:41:59;229;AC;1392;RIO BRANCO;1;1106223;2,49E+22;4DDD1A3A;29/09/2018 11:27;*
27/10/2018;14:41:59;229;AC;1392;RIO BRANCO;1;1106183;1,26E+23;8587790;29/09/2018 12:10;*
27/10/2018;14:41:59;229;AC;1392;RIO BRANCO;1;1105895;8,55E+22;7FEA6467;29/09/2018 10:24;*
27/10/2018;14:41:59;229;AC;1392;RIO BRANCO;1;1105870;1,87E+23;4DDD1A3A;29/09/2018 11:48;*
27/10/2018;14:41:59;229;AC;1392;RIO BRANCO;1;1105756;3,48E+23;A84E10AF;29/09/2018 10:56;*
27/10/2018;14:41:59;229;AC;1392;RIO BRANCO;1;1105297;2,37E+23;C26018AC;29/09/2018 11:27;*
27/10/2018;14:41:59;229;AC;1392;RIO BRANCO;1;1105120;2,98E+23;8587790;29/09/2018 12:25;*
27/10/2018;14:41:59;229;AC;1392;RIO BRANCO;1;1104880;2,49E+22;C26018AC;29/09/2018 12:26;*
27/10/2018;14:41:59;229;AC;1392;RIO BRANCO;1;1104865;4,90E+23;A6AA6DD3;29/09/2018 11:39;*
27/10/2018;14:41:59;229;AC;1392;RIO BRANCO;1;1104848;8,33E+23;A84E10AF;29/09/2018 12:10;*
27/10/2018;14:41:59;229;AC;1392;RIO BRANCO;1;1104839;4,79E+23;BC5179B2;29/09/2018 11:44;*
27/10/2018;14:41:59;229;AC;1392;RIO BRANCO;1;1104832;3,08E+23;7FEA6467;29/09/2018 10:42;*
27/10/2018;14:41:59;229;AC;1392;RIO BRANCO;1;1104777;2,27E+23;B4ED9275;29/09/2018 12:11;*
27/10/2018;14:41:59;229;AC;1392;RIO BRANCO;1;1104771;4,49E+23;A6AA6DD3;29/09/2018 12:10;*
27/10/2018;14:41:59;229;AC;1392;RIO BRANCO;1;1104686;9,74E+23;30CE1513;29/09/2018 12:28;*
27/10/2018;14:41:59;229;AC;1392;RIO BRANCO;1;1104447;6,71E+23;C26018AC;29/09/2018 11:10;*
27/10/2018;14:41:59;229;AC;1392;RIO BRANCO;1;1104368;1,97E+23;C26018AC;29/09/2018 11:04;*
27/10/2018;14:41:59;229;AC;1392;RIO BRANCO;1;1104319;7,54E+22;C26018AC;29/09/2018 10:57;*
27/10/2018;14:41:59;229;AC;1392;RIO BRANCO;1;1104263;8,13E+23;B4ED9275;29/09/2018 12:20;*
27/10/2018;14:41:59;229;AC;1392;RIO BRANCO;1;1103467;2,67E+23;4DDD1A3A;29/09/2018 11:10;*
27/10/2018;14:41:59;229;AC;1392;RIO BRANCO;1;1103402;3,50E+22;A84E10AF;29/09/2018 09:53;*
27/10/2018;14:41:59;229;AC;1392;RIO BRANCO;1;1103378;5,81E+23;A6AA6DD3;29/09/2018 11:51;*
27/10/2018;14:41:59;229;AC;1392;RIO BRANCO;1;1103369;5,60E+23;A6AA6DD3;29/09/2018 11:03;*
27/10/2018;14:41:59;229;AC;1392;RIO BRANCO;1;1103201;5,10E+23;BC5179B2;29/09/2018 12:21;*
27/10/2018;14:41:59;229;AC;1392;RIO BRANCO;1;1103196;3,28E+23;4DDD1A3A;29/09/2018 12:24;*
27/10/2018;14:41:59;229;AC;1392;RIO BRANCO;1;1102968;2,98E+23;8587790;29/09/2018 10:17;*
27/10/2018;14:41:59;229;AC;1392;RIO BRANCO;1;1102799;7,22E+23;C26018AC;29/09/2018 12:17;*
27/10/2018;14:41:59;229;AC;1392;RIO BRANCO;1;1102798;7,02E+23;A6AA6DD3;29/09/2018 11:27;*
27/10/2018;14:41:59;229;AC;1392;RIO BRANCO;1;1102702;1,87E+23;8587790;29/09/2018 10:57;*
27/10/2018;14:41:59;229;AC;1392;RIO BRANCO;1;1102627;8,33E+23;7FEA6467;29/09/2018 10:17;*
27/10/2018;14:41:59;229;AC;1392;RIO BRANCO;1;1102531;3,28E+23;4DDD1A3A;29/09/2018 11:39;*
27/10/2018;14:41:59;229;AC;1392;RIO BRANCO;1;1102329;1,97E+23;7FEA6467;29/09/2018 10:57;*
27/10/2018;14:41:59;229;AC;1392;RIO BRANCO;1;1101869;5,40E+23;8587790;29/09/2018 10:23;*
27/10/2018;14:41:59;229;AC;1392;RIO BRANCO;1;1101524;8,23E+23;7FEA6467;29/09/2018 11:10;*
27/10/2018;14:41:59;229;AC;1392;RIO BRANCO;1;1101402;7,54E+22;8587790;29/09/2018 10:38;*
27/10/2018;14:41:59;229;AC;1392;RIO BRANCO;1;1101340;1,87E+23;A6AA6DD3;29/09/2018 10:23;*
27/10/2018;14:41:59;229;AC;1392;RIO BRANCO;1;1101155;3,18E+23;4DDD1A3A;29/09/2018 11:04;*
27/10/2018;14:41:59;229;AC;1392;RIO BRANCO;1;1101151;1,76E+23;889D071C;29/09/2018 12:20;*
27/10/2018;14:41:59;229;AC;1392;RIO BRANCO;1;1100670;4,29E+23;A6AA6DD3;29/09/2018 12:30;*
27/10/2018;14:41:59;229;AC;1392;RIO BRANCO;1;1100155;5,30E+23;C26018AC;29/09/2018 10:23;*
27/10/2018;14:41:59;229;AC;1392;RIO BRANCO;1;1100023;2,47E+23;30CE1513;29/09/2018 11:44;*
27/10/2018;14:41:59;229;AC;1392;RIO BRANCO;1;1099885;3,99E+23;A6AA6DD3;29/09/2018 10:38;*
27/10/2018;14:41:59;229;AC;1392;RIO BRANCO;1;1099204;4,19E+23;4DDD1A3A;29/09/2018 10:06;*
27/10/2018;14:41:59;229;AC;1392;RIO BRANCO;1;1098861;7,62E+23;A84E10AF;29/09/2018 11:10;*
27/10/2018;14:41:59;229;AC;1392;RIO BRANCO;1;1098744;3,18E+23;7FEA6467;29/09/2018 10:32;*
27/10/2018;14:41:59;229;AC;1392;RIO BRANCO;1;1080146;1,76E+23;8587790;29/09/2018 11:39;*
27/10/2018;14:41:59;229;AC;1392;RIO BRANCO;1;1077535;8,55E+22;A84E10AF;29/09/2018 10:18;*
27/10/2018;14:41:59;229;AC;1392;RIO BRANCO;1;1073016;4,49E+23;889D071C;29/09/2018 12:11;*
27/10/2018;14:41:59;229;AC;1392;RIO BRANCO;1;1071232;2,27E+23;30CE1513;29/09/2018 12:20;*
27/10/2018;14:41:59;229;AC;1392;RIO BRANCO;1;1070429;8,23E+23;C26018AC;29/09/2018 12:10;*
27/10/2018;14:41:59;229;AC;1392;RIO BRANCO;1;1067960;6,31E+23;4DDD1A3A;29/09/2018 12:10;*
27/10/2018;14:41:59;229;AC;1392;RIO BRANCO;1;1067840;3,68E+23;A6AA6DD3;29/09/2018 12:17;*
27/10/2018;14:41:59;229;AC;1392;RIO BRANCO;1;1040898;1,06E+23;4B44D79E;29/09/2018 12:29;*
27/10/2018;14:41:59;229;AC;1392;RIO BRANCO;1;1036685;9,74E+23;C26018AC;29/09/2018 11:51;*
27/10/2018;14:41:59;229;AC;1392;RIO BRANCO;1;1035008;8,33E+23;7FEA6467;29/09/2018 11:27;*
27/10/2018;14:41:59;229;AC;1392;RIO BRANCO;1;1033915;8,73E+23;B4ED9275;29/09/2018 11:01;*
27/10/2018;14:41:59;229;AC;1392;RIO BRANCO;1;1033373;7,93E+23;BC5179B2;29/09/2018 10:59;*
27/10/2018;14:41:59;229;AC;1392;RIO BRANCO;1;1032550;8,03E+23;07E827E0;29/09/2018 12:10;*
27/10/2018;14:41:59;229;AC;1392;RIO BRANCO;1;1029842;2,88E+23;7FEA6467;29/09/2018 12:18;*
27/10/2018;14:41:59;229;AC;1392;RIO BRANCO;1;1014994;6,41E+23;8587790;29/09/2018 11:10;*
27/10/2018;14:41:59;229;AC;1392;RIO BRANCO;1;1014718;5,10E+23;4DDD1A3A;29/09/2018 10:57;*
27/10/2018;14:41:59;229;AC;1392;RIO BRANCO;1;1013755;4,79E+23;A84E10AF;29/09/2018 11:03;*
27/10/2018;14:41:59;229;AC;1392;RIO BRANCO;1;1013188;8,33E+23;C26018AC;29/09/2018 10:41;*
27/10/2018;14:41:59;229;AC;1392;RIO BRANCO;1;1012439;9,04E+23;4DDD1A3A;29/09/2018 10:42;*
27/10/2018;14:41:59;229;AC;1392;RIO BRANCO;1;1011107;3,58E+23;C26018AC;29/09/2018 10:09;*
27/10/2018;14:41:59;229;AC;1392;RIO BRANCO;1;1010843;2,77E+23;889D071C;29/09/2018 12:28;*
27/10/2018;14:41:59;229;AC;1392;RIO BRANCO;1;1008594;5,50E+23;4B44D79E;29/09/2018 11:16;*
27/10/2018;14:41:59;229;AC;1392;RIO BRANCO;1;1008128;7,83E+23;A6AA6DD3;29/09/2018 10:18;*
27/10/2018;14:41:59;229;AC;1392;RIO BRANCO;1;1006077;3,99E+23;7FEA6467;29/09/2018 11:04;*
27/10/2018;14:41:59;229;AC;1392;RIO BRANCO;1;1006059;4,09E+23;07E827E0;29/09/2018 11:56;*
27/10/2018;14:41:59;229;AC;1392;RIO BRANCO;1;1005701;2,49E+22;07E827E0;29/09/2018 12:21;*
27/10/2018;14:41:59;229;AC;1139;FEIJÓ;7;1211563;4,88E+23;99284D25;26/09/2018 17:54;*
27/10/2018;14:41:59;229;AC;1139;FEIJÓ;7;1195553;1,65E+23;E0F7B3A4;26/09/2018 17:31;*
27/10/2018;14:41:59;229;AC;1139;FEIJÓ;7;1194458;2,66E+23;DBC8C40F;26/09/2018 17:44;*
27/10/2018;14:41:59;229;AC;1139;FEIJÓ;7;1193724;3,26E+23;E0F7B3A4;26/09/2018 17:06;*
27/10/2018;14:41:59;229;AC;1139;FEIJÓ;7;1192681;3,34E+22;99284D25;26/09/2018 17:28;*
27/10/2018;14:41:59;229;AC;1139;FEIJÓ;7;1192648;8,01E+23;E0F7B3A4;26/09/2018 16:22;*
27/10/2018;14:41:59;229;AC;1139;FEIJÓ;7;1178374;8,41E+23;99284D25;26/09/2018 16:37;*
27/10/2018;14:41:59;229;AC;1139;FEIJÓ;7;1178229;4,17E+23;99284D25;26/09/2018 16:12;*
27/10/2018;14:41:59;229;AC;1139;FEIJÓ;7;1177711;5,59E+23;DBC8C40F;26/09/2018 16:12;*
27/10/2018;14:41:59;229;AC;1139;FEIJÓ;7;1176950;2,05E+23;DBC8C40F;26/09/2018 16:42;*
27/10/2018;14:41:59;229;AC;1139;FEIJÓ;7;1176855;5,69E+23;E0F7B3A4;26/09/2018 17:51;*
27/10/2018;14:41:59;229;AC;1139;FEIJÓ;7;1118597;5,59E+23;99284D25;26/09/2018 16:26;*
27/10/2018;14:41:59;229;AC;1139;FEIJÓ;7;1107157;2,45E+23;166202EE;26/09/2018 17:43;*
27/10/2018;14:41:59;229;AC;1139;FEIJÓ;7;1106210;8,39E+22;99284D25;26/09/2018 16:49;*
27/10/2018;14:41:59;229;AC;1139;FEIJÓ;7;1102832;9,73E+23;E0F7B3A4;26/09/2018 15:58;*
27/10/2018;14:41:59;229;AC;1139;FEIJÓ;7;1102575;5,28E+23;E0F7B3A4;26/09/2018 16:54;*
27/10/2018;14:41:59;229;AC;1139;FEIJÓ;7;1102378;5,38E+23;DBC8C40F;26/09/2018 17:06;*
27/10/2018;14:41:59;229;AC;1139;FEIJÓ;7;1100888;5,89E+23;E0F7B3A4;26/09/2018 15:37;*
27/10/2018;14:41:59;229;AC;1139;FEIJÓ;7;1099271;5,08E+23;166202EE;26/09/2018 17:37;*
27/10/2018;14:41:59;229;AC;1139;FEIJÓ;7;1094781;3,97E+23;E0F7B3A4;26/09/2018 16:08;*
27/10/2018;14:41:59;229;AC;1139;FEIJÓ;7;1075932;6,60E+23;E0F7B3A4;26/09/2018 17:44;*
27/10/2018;14:41:59;229;AC;1139;FEIJÓ;7;1070385;7,81E+23;E0F7B3A4;26/09/2018 15:44;*
27/10/2018;14:41:59;229;AC;1139;FEIJÓ;7;1069744;6,60E+23;E0F7B3A4;26/09/2018 17:24;*
27/10/2018;14:41:59;229;AC;1139;FEIJÓ;7;1041422;8,62E+23;DBC8C40F;26/09/2018 16:25;*
27/10/2018;14:41:59;229;AC;1139;FEIJÓ;7;1034477;1,14E+23;99284D25;26/09/2018 18:02;*
27/10/2018;14:41:59;229;AC;1139;FEIJÓ;7;1031057;9,83E+23;166202EE;26/09/2018 17:28;*
27/10/2018;14:41:59;229;AC;1139;FEIJÓ;7;1030299;5,79E+23;DBC8C40F;26/09/2018 17:21;*
27/10/2018;14:41:59;229;AC;1139;FEIJÓ;7;1030292;4,07E+23;166202EE;26/09/2018 17:22;*
27/10/2018;14:41:59;229;AC;1139;FEIJÓ;7;1028543;1,24E+23;99284D25;26/09/2018 17:21;*
27/10/2018;14:41:59;229;AC;1139;FEIJÓ;7;1015644;2,33E+22;99284D25;26/09/2018 17:10;*
27/10/2018;14:41:59;229;AC;1139;FEIJÓ;7;1013234;8,39E+22;DBC8C40F;26/09/2018 17:51;*
27/10/2018;14:41:59;229;AC;1139;FEIJÓ;7;1008188;2,15E+23;99284D25;26/09/2018 16:59;*
27/10/2018;14:41:59;229;AC;1139;FEIJÓ;7;1007935;9,02E+23;DBC8C40F;26/09/2018 17:33;*
27/10/2018;14:41:59;229;AC;1139;FEIJÓ;7;1005715;8,82E+23;166202EE;26/09/2018 18:00;*
27/10/2018;14:41:59;229;AC;1120;ACRELÂNDIA;8;1211288;1,25E+23;9BDE560F;27/09/2018 11:03;*
27/10/2018;14:41:59;229;AC;1120;ACRELÂNDIA;8;1178041;7,72E+23;9BDE560F;26/09/2018 13:54;*
27/10/2018;14:41:59;229;AC;1120;ACRELÂNDIA;8;1107263;5,69E+23;01CBC362;26/09/2018 13:45;*
27/10/2018;14:41:59;229;AC;1120;ACRELÂNDIA;8;1107136;4,58E+23;01CBC362;27/09/2018 10:49;*
27/10/2018;14:41:59;229;AC;1120;ACRELÂNDIA;8;1107131;9,74E+23;01CBC362;27/09/2018 11:03;*
27/10/2018;14:41:59;229;AC;1120;ACRELÂNDIA;8;1105026;6,10E+23;9BDE560F;26/09/2018 13:42;*
27/10/2018;14:41:59;229;AC;1120;ACRELÂNDIA;8;1104978;7,51E+23;9BDE560F;26/09/2018 13:26;*
27/10/2018;14:41:59;229;AC;1120;ACRELÂNDIA;8;1104967;6,20E+23;9BDE560F;26/09/2018 13:32;*
27/10/2018;14:41:59;229;AC;1120;ACRELÂNDIA;8;1104960;5,44E+22;01CBC362;27/09/2018 10:55;*
27/10/2018;14:41:59;229;AC;1120;ACRELÂNDIA;8;1104443;1,65E+23;9BDE560F;26/09/2018 11:51;*
27/10/2018;14:41:59;229;AC;1120;ACRELÂNDIA;8;1104406;8,32E+23;9BDE560F;26/09/2018 13:37;*
27/10/2018;14:41:59;229;AC;1120;ACRELÂNDIA;8;1102977;2,26E+23;9BDE560F;26/09/2018 13:20;*
27/10/2018;14:41:59;229;AC;1120;ACRELÂNDIA;8;1102409;2,26E+23;01CBC362;26/09/2018 13:51;*
27/10/2018;14:41:59;229;AC;1120;ACRELÂNDIA;8;1101234;8,52E+23;01CBC362;26/09/2018 13:40;*
27/10/2018;14:41:59;229;AC;1120;ACRELÂNDIA;8;1079723;2,36E+23;01CBC362;26/09/2018 13:34;*
27/10/2018;14:41:59;229;AC;1120;ACRELÂNDIA;8;1037838;9,43E+23;9BDE560F;26/09/2018 13:48;*
27/10/2018;14:41:59;229;AC;1120;ACRELÂNDIA;8;1032607;9,84E+23;9BDE560F;27/09/2018 10:49;*
27/10/2018;14:41:59;229;AC;1120;ACRELÂNDIA;8;1013665;9,84E+23;01CBC362;26/09/2018 13:15;*
27/10/2018;14:41:59;229;AC;1120;ACRELÂNDIA;8;1010786;6,20E+23;01CBC362;26/09/2018 13:28;*
27/10/2018;14:41:59;229;AC;1120;ACRELÂNDIA;8;1010413;3,17E+23;9BDE560F;27/09/2018 10:54;*
27/10/2018;14:41:59;229;AC;1112;EPITACIOLÂNDIA;6;1210339;6,52E+22;8F74BFE6;27/09/2018 10:52;*
27/10/2018;14:41:59;229;AC;1112;EPITACIOLÂNDIA;6;1194158;9,14E+23;9C8E851A;27/09/2018 11:50;*
27/10/2018;14:41:59;229;AC;1112;EPITACIOLÂNDIA;6;1193463;7,62E+23;9C8E851A;27/09/2018 10:52;*
27/10/2018;14:41:59;229;AC;1112;EPITACIOLÂNDIA;6;1177467;1,36E+23;9C8E851A;27/09/2018 10:37;*
27/10/2018;14:41:59;229;AC;1112;EPITACIOLÂNDIA;6;1107106;8,53E+23;8F74BFE6;27/09/2018 09:46;*
27/10/2018;14:41:59;229;AC;1112;EPITACIOLÂNDIA;6;1103258;1,46E+23;8F74BFE6;27/09/2018 10:44;*
27/10/2018;14:41:59;229;AC;1112;EPITACIOLÂNDIA;6;1101289;4,69E+23;9C8E851A;27/09/2018 10:58;*
27/10/2018;14:41:59;229;AC;1112;EPITACIOLÂNDIA;6;1099883;5,10E+23;8F74BFE6;27/09/2018 10:38;*
27/10/2018;14:41:59;229;AC;1112;EPITACIOLÂNDIA;6;1080413;3,58E+23;9C8E851A;27/09/2018 10:44;*
27/10/2018;14:41:59;229;AC;1112;EPITACIOLÂNDIA;6;1079339;9,34E+23;8F74BFE6;27/09/2018 11:56;*
27/10/2018;14:41:59;229;AC;1112;EPITACIOLÂNDIA;6;1068007;1,06E+23;8F74BFE6;27/09/2018 11:28;*
27/10/2018;14:41:59;229;AC;1112;EPITACIOLÂNDIA;6;1067499;2,17E+23;8F74BFE6;27/09/2018 09:51;*
27/10/2018;14:41:59;229;AC;1112;EPITACIOLÂNDIA;6;1013817;5,20E+23;9C8E851A;27/09/2018 11:28;*
27/10/2018;14:41:59;229;AC;1112;EPITACIOLÂNDIA;6;1003062;3,08E+23;9C8E851A;27/09/2018 09:41;*
27/10/2018;14:41:59;229;AC;1112;EPITACIOLÂNDIA;6;1000760;2,97E+23;9C8E851A;27/09/2018 09:49;*
27/10/2018;14:41:59;229;AC;1104;JORDÃO;5;1193321;1,37E+23;F42CC480;27/09/2018 14:59;*
27/10/2018;14:41:59;229;AC;1104;JORDÃO;5;1072163;8,61E+22;F42CC480;27/09/2018 15:07;*
27/10/2018;14:41:59;229;AC;1104;JORDÃO;5;1034125;3,99E+23;F42CC480;27/09/2018 15:13;*
27/10/2018;14:41:59;229;AC;1104;JORDÃO;5;1030935;6,92E+23;F42CC480;27/09/2018 14:13;*
27/10/2018;14:41:59;229;AC;1104;JORDÃO;5;1030512;6,21E+23;F42CC480;27/09/2018 16:58;*
27/10/2018;14:41:59;229;AC;1104;JORDÃO;5;1030104;5,71E+23;F42CC480;27/09/2018 16:50;*
27/10/2018;14:41:59;229;AC;1104;JORDÃO;5;1025629;2,27E+23;F42CC480;27/09/2018 14:23;*
27/10/2018;14:41:59;229;AC;1104;JORDÃO;5;1023420;1,37E+23;F42CC480;27/09/2018 17:20;*
27/10/2018;14:41:59;229;AC;1104;JORDÃO;5;1013636;6,32E+23;F42CC480;28/09/2018 09:12;*
27/10/2018;14:41:59;229;AC;1104;JORDÃO;5;1013261;8,23E+23;F42CC480;27/09/2018 15:18;*
27/10/2018;14:41:59;229;AC;1090;MÂNCIO LIMA;4;1107100;7,48E+23;3614CCD8;28/09/2018 15:37;*
27/10/2018;14:41:59;229;AC;1090;MÂNCIO LIMA;4;1105654;8,59E+23;2DC8D1AE;28/09/2018 15:19;*
27/10/2018;14:41:59;229;AC;1090;MÂNCIO LIMA;4;1105323;2,84E+23;3614CCD8;28/09/2018 11:39;*
27/10/2018;14:41:59;229;AC;1090;MÂNCIO LIMA;4;1104105;6,27E+23;3614CCD8;28/09/2018 11:22;*
27/10/2018;14:41:59;229;AC;1090;MÂNCIO LIMA;4;1103276;7,99E+23;2DC8D1AE;28/09/2018 11:39;*
27/10/2018;14:41:59;229;AC;1090;MÂNCIO LIMA;4;1102624;8,39E+23;3614CCD8;28/09/2018 15:17;*
27/10/2018;14:41:59;229;AC;1090;MÂNCIO LIMA;4;1092300;2,84E+23;2DC8D1AE;28/09/2018 17:29;*
27/10/2018;14:41:59;229;AC;1090;MÂNCIO LIMA;4;1079007;5,87E+23;2DC8D1AE;27/09/2018 19:24;*
27/10/2018;14:41:59;229;AC;1090;MÂNCIO LIMA;4;1070433;9,81E+23;2DC8D1AE;28/09/2018 15:48;*
27/10/2018;14:41:59;229;AC;1090;MÂNCIO LIMA;4;1069771;2,33E+23;2DC8D1AE;28/09/2018 11:58;*
27/10/2018;14:41:59;229;AC;1090;MÂNCIO LIMA;4;1032393;9,20E+23;3614CCD8;27/09/2018 19:23;*
27/10/2018;14:41:59;229;AC;1090;MÂNCIO LIMA;4;1030480;8,29E+23;2DC8D1AE;28/09/2018 15:25;*
27/10/2018;14:41:59;229;AC;1090;MÂNCIO LIMA;4;1017679;6,17E+23;3614CCD8;28/09/2018 15:28;*
27/10/2018;14:41:59;229;AC;1090;MÂNCIO LIMA;4;1014009;1,83E+23;2DC8D1AE;28/09/2018 15:42;*
27/10/2018;14:41:59;229;AC;1090;MÂNCIO LIMA;4;1012012;5,46E+23;2DC8D1AE;28/09/2018 11:51;*
27/10/2018;14:41:59;229;AC;1090;MÂNCIO LIMA;4;1009072;9,20E+23;3614CCD8;28/09/2018 11:48;*
27/10/2018;14:41:59;229;AC;1082;RODRIGUES ALVES;4;1178921;6,08E+23;2854FC95;28/09/2018 15:25;*
27/10/2018;14:41:59;229;AC;1082;RODRIGUES ALVES;4;1156852;5,57E+23;3C0422EA;28/09/2018 15:25;*
27/10/2018;14:41:59;229;AC;1082;RODRIGUES ALVES;4;1106698;9,25E+22;2854FC95;28/09/2018 17:29;*
27/10/2018;14:41:59;229;AC;1082;RODRIGUES ALVES;4;1106502;7,49E+23;3C0422EA;28/09/2018 11:39;*
27/10/2018;14:41:59;229;AC;1082;RODRIGUES ALVES;4;1105409;8,10E+23;3C0422EA;28/09/2018 11:51;*
27/10/2018;14:41:59;229;AC;1082;RODRIGUES ALVES;4;1104987;7,59E+23;3C0422EA;28/09/2018 17:29;*
27/10/2018;14:41:59;229;AC;1082;RODRIGUES ALVES;4;1104565;8,24E+22;3C0422EA;28/09/2018 15:47;*
27/10/2018;14:41:59;229;AC;1082;RODRIGUES ALVES;4;1104191;4,19E+22;2854FC95;28/09/2018 11:51;*
27/10/2018;14:41:59;229;AC;1082;RODRIGUES ALVES;4;1104150;9,01E+23;2854FC95;27/09/2018 19:23;*
27/10/2018;14:41:59;229;AC;1082;RODRIGUES ALVES;4;1103134;6,22E+22;2854FC95;28/09/2018 11:39;*
27/10/2018;14:41:59;229;AC;1082;RODRIGUES ALVES;4;1102633;9,41E+23;2854FC95;28/09/2018 11:22;*
27/10/2018;14:41:59;229;AC;1082;RODRIGUES ALVES;4;1101704;1,16E+22;3C0422EA;28/09/2018 11:22;*
27/10/2018;14:41:59;229;AC;1082;RODRIGUES ALVES;4;1089279;5,17E+23;2854FC95;28/09/2018 15:48;*
27/10/2018;14:41:59;229;AC;1082;RODRIGUES ALVES;4;1082833;2,94E+23;2854FC95;28/09/2018 15:42;*
27/10/2018;14:41:59;229;AC;1082;RODRIGUES ALVES;4;1080327;9,71E+23;3C0422EA;28/09/2018 15:42;*
27/10/2018;14:41:59;229;AC;1074;CRUZEIRO DO SUL;4;1512311;3,05E+23;54457D94;28/09/2018 20:49;*
27/10/2018;14:41:59;229;AC;1074;CRUZEIRO DO SUL;4;1211425;6,18E+23;C67F3190;27/09/2018 19:40;*
27/10/2018;14:41:59;229;AC;1074;CRUZEIRO DO SUL;4;1193845;7,09E+23;961D5064;28/09/2018 15:41;*
27/10/2018;14:41:59;229;AC;1074;CRUZEIRO DO SUL;4;1192691;8,51E+23;FE7FF557;28/09/2018 11:23;*
27/10/2018;14:41:59;229;AC;1074;CRUZEIRO DO SUL;4;1192318;7,19E+23;27782C2D;27/09/2018 19:33;*
27/10/2018;14:41:59;229;AC;1074;CRUZEIRO DO SUL;4;1178758;6,89E+23;961D5064;27/09/2018 19:59;*
27/10/2018;14:41:59;229;AC;1074;CRUZEIRO DO SUL;4;1177417;2,35E+23;FE7FF557;28/09/2018 15:18;*
27/10/2018;14:41:59;229;AC;1074;CRUZEIRO DO SUL;4;1177180;9,52E+23;6027700B;27/09/2018 20:25;*
27/10/2018;14:41:59;229;AC;1074;CRUZEIRO DO SUL;4;1176512;8,91E+23;27782C2D;28/09/2018 11:51;*
27/10/2018;14:41:59;229;AC;1074;CRUZEIRO DO SUL;4;1175863;7,50E+23;961D5064;28/09/2018 15:18;*
27/10/2018;14:41:59;229;AC;1074;CRUZEIRO DO SUL;4;1144775;4,26E+23;C67F3190;28/09/2018 11:58;*
27/10/2018;14:41:59;229;AC;1074;CRUZEIRO DO SUL;4;1131633;8,20E+23;27782C2D;27/09/2018 19:46;*
27/10/2018;14:41:59;229;AC;1074;CRUZEIRO DO SUL;4;1127811;6,59E+23;961D5064;28/09/2018 11:39;*
27/10/2018;14:41:59;229;AC;1074;CRUZEIRO DO SUL;4;1107155;3,25E+22;27782C2D;28/09/2018 17:29;*
27/10/2018;14:41:59;229;AC;1074;CRUZEIRO DO SUL;4;1106584;9,62E+23;FE7FF557;28/09/2018 15:40;*
27/10/2018;14:41:59;229;AC;1074;CRUZEIRO DO SUL;4;1106336;3,05E+23;961D5064;28/09/2018 11:51;*
27/10/2018;14:41:59;229;AC;1074;CRUZEIRO DO SUL;4;1105765;6,59E+23;27782C2D;27/09/2018 19:58;*
27/10/2018;14:41:59;229;AC;1074;CRUZEIRO DO SUL;4;1105698;7,40E+23;27782C2D;28/09/2018 11:58;*
27/10/2018;14:41:59;229;AC;1074;CRUZEIRO DO SUL;4;1105408;7,60E+23;6027700B;27/09/2018 20:19;*
27/10/2018;14:41:59;229;AC;1074;CRUZEIRO DO SUL;4;1105384;5,98E+23;961D5064;28/09/2018 15:48;*
27/10/2018;14:41:59;229;AC;1074;CRUZEIRO DO SUL;4;1105349;9,11E+23;27782C2D;27/09/2018 19:26;*
27/10/2018;14:41:59;229;AC;1074;CRUZEIRO DO SUL;4;1105309;8,61E+23;6027700B;27/09/2018 19:32;*
27/10/2018;14:41:59;229;AC;1074;CRUZEIRO DO SUL;4;1105301;9,21E+23;C67F3190;27/09/2018 20:19;*
27/10/2018;14:41:59;229;AC;1074;CRUZEIRO DO SUL;4;1105096;1,23E+23;C67F3190;27/09/2018 19:33;*
27/10/2018;14:41:59;229;AC;1074;CRUZEIRO DO SUL;4;1105055;5,17E+23;6027700B;28/09/2018 15:28;*
27/10/2018;14:41:59;229;AC;1074;CRUZEIRO DO SUL;4;1104970;6,49E+23;27782C2D;27/09/2018 20:00;*
27/10/2018;14:41:59;229;AC;1074;CRUZEIRO DO SUL;4;1104852;2,75E+23;27782C2D;28/09/2018 15:26;*
27/10/2018;14:41:59;229;AC;1074;CRUZEIRO DO SUL;4;1104755;4,16E+23;6027700B;28/09/2018 11:41;*
27/10/2018;14:41:59;229;AC;1074;CRUZEIRO DO SUL;4;1104605;7,50E+23;961D5064;28/09/2018 11:58;*
27/10/2018;14:41:59;229;AC;1074;CRUZEIRO DO SUL;4;1104454;2,24E+23;27782C2D;28/09/2018 15:48;*
27/10/2018;14:41:59;229;AC;1074;CRUZEIRO DO SUL;4;1104446;3,15E+23;27782C2D;28/09/2018 11:39;*
27/10/2018;14:41:59;229;AC;1074;CRUZEIRO DO SUL;4;1104321;4,87E+23;961D5064;27/09/2018 19:47;*
27/10/2018;14:41:59;229;AC;1074;CRUZEIRO DO SUL;4;1104270;8,00E+23;FE7FF557;27/09/2018 19:58;*
27/10/2018;14:41:59;229;AC;1074;CRUZEIRO DO SUL;4;1104265;4,57E+23;6027700B;28/09/2018 11:27;*
27/10/2018;14:41:59;229;AC;1074;CRUZEIRO DO SUL;4;1103529;9,01E+23;C67F3190;28/09/2018 15:36;*
27/10/2018;14:41:59;229;AC;1074;CRUZEIRO DO SUL;4;1103379;2,65E+23;FE7FF557;27/09/2018 20:18;*
27/10/2018;14:41:59;229;AC;1074;CRUZEIRO DO SUL;4;1103243;8,51E+23;6027700B;28/09/2018 11:50;*
27/10/2018;14:41:59;229;AC;1074;CRUZEIRO DO SUL;4;1103193;6,39E+23;C67F3190;27/09/2018 20:11;*
27/10/2018;14:41:59;229;AC;1074;CRUZEIRO DO SUL;4;1103022;3,25E+23;27782C2D;28/09/2018 15:19;*
27/10/2018;14:41:59;229;AC;1074;CRUZEIRO DO SUL;4;1103001;8,61E+23;FE7FF557;28/09/2018 11:41;*
27/10/2018;14:41:59;229;AC;1074;CRUZEIRO DO SUL;4;1102780;7,30E+22;961D5064;28/09/2018 17:30;*
27/10/2018;14:41:59;229;AC;1074;CRUZEIRO DO SUL;4;1102691;4,26E+22;27782C2D;28/09/2018 15:42;*
27/10/2018;14:41:59;229;AC;1074;CRUZEIRO DO SUL;4;1102688;6,08E+23;FE7FF557;28/09/2018 11:48;*
27/10/2018;14:41:59;229;AC;1074;CRUZEIRO DO SUL;4;1102668;9,92E+23;27782C2D;28/09/2018 11:23;*
27/10/2018;14:41:59;229;AC;1074;CRUZEIRO DO SUL;4;1102592;3,66E+23;6027700B;27/09/2018 19:48;*
27/10/2018;14:41:59;229;AC;1074;CRUZEIRO DO SUL;4;1102564;3,46E+23;C67F3190;28/09/2018 11:39;*
27/10/2018;14:41:59;229;AC;1074;CRUZEIRO DO SUL;4;1102457;1,54E+23;C67F3190;28/09/2018 11:23;*
27/10/2018;14:41:59;229;AC;1074;CRUZEIRO DO SUL;4;1102455;1,94E+23;6027700B;28/09/2018 17:28;*
27/10/2018;14:41:59;229;AC;1074;CRUZEIRO DO SUL;4;1102146;5,98E+23;FE7FF557;27/09/2018 20:12;*
27/10/2018;14:41:59;229;AC;1074;CRUZEIRO DO SUL;4;1101771;5,48E+23;961D5064;27/09/2018 20:00;*
27/10/2018;14:41:59;229;AC;1074;CRUZEIRO DO SUL;4;1101413;2,55E+23;C67F3190;27/09/2018 20:25;*
27/10/2018;14:41:59;229;AC;1074;CRUZEIRO DO SUL;4;1101225;9,62E+23;961D5064;28/09/2018 15:26;*
27/10/2018;14:41:59;229;AC;1074;CRUZEIRO DO SUL;4;1100168;3,76E+23;FE7FF557;27/09/2018 19:27;*
27/10/2018;14:41:59;229;AC;1074;CRUZEIRO DO SUL;4;1097688;2,65E+23;6027700B;27/09/2018 19:53;*
27/10/2018;14:41:59;229;AC;1074;CRUZEIRO DO SUL;4;1095744;6,49E+23;C67F3190;27/09/2018 19:26;*
27/10/2018;14:41:59;229;AC;1074;CRUZEIRO DO SUL;4;1082768;8,00E+23;6027700B;28/09/2018 15:17;*
27/10/2018;14:41:59;229;AC;1074;CRUZEIRO DO SUL;4;1079573;3,05E+23;27782C2D;27/09/2018 20:25;*
27/10/2018;14:41:59;229;AC;1074;CRUZEIRO DO SUL;4;1079474;2,24E+22;27782C2D;27/09/2018 20:11;*
27/10/2018;14:41:59;229;AC;1074;CRUZEIRO DO SUL;4;1079371;2,55E+23;961D5064;27/09/2018 20:13;*
27/10/2018;14:41:59;229;AC;1074;CRUZEIRO DO SUL;4;1076416;6,28E+23;6027700B;28/09/2018 15:36;*
27/10/2018;14:41:59;229;AC;1074;CRUZEIRO DO SUL;4;1072398;1,03E+23;961D5064;28/09/2018 11:23;*
27/10/2018;14:41:59;229;AC;1074;CRUZEIRO DO SUL;4;1070670;1,64E+23;FE7FF557;28/09/2018 15:27;*
27/10/2018;14:41:59;229;AC;1074;CRUZEIRO DO SUL;4;1069460;7,90E+23;6027700B;27/09/2018 20:11;*
27/10/2018;14:41:59;229;AC;1074;CRUZEIRO DO SUL;4;1067574;6,79E+23;FE7FF557;27/09/2018 19:46;*
27/10/2018;14:41:59;229;AC;1074;CRUZEIRO DO SUL;4;1059547;4,26E+22;961D5064;27/09/2018 19:40;*
27/10/2018;14:41:59;229;AC;1074;CRUZEIRO DO SUL;4;1043771;1,03E+23;6027700B;27/09/2018 20:00;*
27/10/2018;14:41:59;229;AC;1074;CRUZEIRO DO SUL;4;1034486;1,74E+23;27782C2D;27/09/2018 20:20;*
27/10/2018;14:41:59;229;AC;1074;CRUZEIRO DO SUL;4;1034089;4,47E+23;6027700B;27/09/2018 19:40;*
27/10/2018;14:41:59;229;AC;1074;CRUZEIRO DO SUL;4;1033832;5,27E+22;FE7FF557;27/09/2018 20:00;*
27/10/2018;14:41:59;229;AC;1074;CRUZEIRO DO SUL;4;1033703;1,03E+23;961D5064;28/09/2018 13:25;*
27/10/2018;14:41:59;229;AC;1074;CRUZEIRO DO SUL;4;1031882;3,76E+23;C67F3190;27/09/2018 19:57;*
27/10/2018;14:41:59;229;AC;1074;CRUZEIRO DO SUL;4;1031141;2,65E+23;961D5064;27/09/2018 19:26;*
27/10/2018;14:41:59;229;AC;1074;CRUZEIRO DO SUL;4;1030983;6,49E+23;27782C2D;27/09/2018 19:41;*
27/10/2018;14:41:59;229;AC;1074;CRUZEIRO DO SUL;4;1028355;1,23E+22;C67F3190;28/09/2018 15:23;*
27/10/2018;14:41:59;229;AC;1074;CRUZEIRO DO SUL;4;1024608;3,15E+23;961D5064;27/09/2018 20:18;*
27/10/2018;14:41:59;229;AC;1074;CRUZEIRO DO SUL;4;1014605;8,81E+23;C67F3190;27/09/2018 20:05;*
27/10/2018;14:41:59;229;AC;1074;CRUZEIRO DO SUL;4;1014421;4,16E+23;C67F3190;27/09/2018 19:47;*
27/10/2018;14:41:59;229;AC;1074;CRUZEIRO DO SUL;4;1013332;2,24E+21;6027700B;27/09/2018 19:58;*
27/10/2018;14:41:59;229;AC;1066;PORTO WALTER;4;1210809;2,66E+23;A2527D82;28/09/2018 15:40;*
27/10/2018;14:41:59;229;AC;1066;PORTO WALTER;4;1192597;3,46E+23;A2527D82;28/09/2018 11:47;*
27/10/2018;14:41:59;229;AC;1066;PORTO WALTER;4;1175454;9,42E+23;A2527D82;28/09/2018 15:48;*
27/10/2018;14:41:59;229;AC;1066;PORTO WALTER;4;1105192;9,39E+22;A2527D82;28/09/2018 11:29;*
27/10/2018;14:41:59;229;AC;1066;PORTO WALTER;4;1103421;9,22E+23;A2527D82;28/09/2018 15:26;*
27/10/2018;14:41:59;229;AC;1066;PORTO WALTER;4;1101159;5,99E+23;A2527D82;28/09/2018 15:18;*
27/10/2018;14:41:59;229;AC;1066;PORTO WALTER;4;1071694;6,80E+23;A2527D82;28/09/2018 11:42;*
27/10/2018;14:41:59;229;AC;1066;PORTO WALTER;4;1029971;6,70E+23;A2527D82;27/09/2018 19:20;*
27/10/2018;14:41:59;229;AC;1058;BRASILÉIA;6;1210287;3,57E+23;49C9566F;27/09/2018 10:45;*
27/10/2018;14:41:59;229;AC;1058;BRASILÉIA;6;1196307;5,49E+23;F02F9C58;27/09/2018 11:49;*
27/10/2018;14:41:59;229;AC;1058;BRASILÉIA;6;1177081;4,88E+23;49C9566F;27/09/2018 09:46;*
27/10/2018;14:41:59;229;AC;1058;BRASILÉIA;6;1138687;9,43E+23;F02F9C58;27/09/2018 10:37;*
27/10/2018;14:41:59;229;AC;1058;BRASILÉIA;6;1107096;3,87E+23;98311815;27/09/2018 10:58;*
27/10/2018;14:41:59;229;AC;1058;BRASILÉIA;6;1105344;7,51E+23;98311815;27/09/2018 09:49;*
27/10/2018;14:41:59;229;AC;1058;BRASILÉIA;6;1105078;8,52E+23;F02F9C58;27/09/2018 10:44;*
27/10/2018;14:41:59;229;AC;1058;BRASILÉIA;6;1105060;9,94E+23;F02F9C58;27/09/2018 09:51;*
27/10/2018;14:41:59;229;AC;1058;BRASILÉIA;6;1104857;5,89E+23;98311815;27/09/2018 10:37;*
27/10/2018;14:41:59;229;AC;1058;BRASILÉIA;6;1104701;7,01E+23;F02F9C58;27/09/2018 10:52;*
27/10/2018;14:41:59;229;AC;1058;BRASILÉIA;6;1103159;3,98E+23;98311815;27/09/2018 10:52;*
27/10/2018;14:41:59;229;AC;1058;BRASILÉIA;6;1102314;3,87E+23;98311815;27/09/2018 09:40;*
27/10/2018;14:41:59;229;AC;1058;BRASILÉIA;6;1101506;6,80E+23;98311815;27/09/2018 10:45;*
27/10/2018;14:41:59;229;AC;1058;BRASILÉIA;6;1101396;7,31E+23;49C9566F;27/09/2018 11:38;*
27/10/2018;14:41:59;229;AC;1058;BRASILÉIA;6;1099813;4,48E+23;F02F9C58;27/09/2018 11:28;*
27/10/2018;14:41:59;229;AC;1058;BRASILÉIA;6;1078201;8,72E+23;49C9566F;27/09/2018 11:28;*
27/10/2018;14:41:59;229;AC;1058;BRASILÉIA;6;1077843;2,66E+23;98311815;27/09/2018 11:28;*
27/10/2018;14:41:59;229;AC;1058;BRASILÉIA;6;1077151;4,38E+23;98311815;27/09/2018 11:50;*
27/10/2018;14:41:59;229;AC;1058;BRASILÉIA;6;1064703;5,59E+23;F02F9C58;27/09/2018 11:38;*
27/10/2018;14:41:59;229;AC;1058;BRASILÉIA;6;1033091;3,57E+23;49C9566F;27/09/2018 10:52;*
27/10/2018;14:41:59;229;AC;1058;BRASILÉIA;6;1014991;3,37E+23;49C9566F;27/09/2018 10:37;*
27/10/2018;14:41:59;229;AC;1058;BRASILÉIA;6;1013920;5,79E+23;49C9566F;27/09/2018 11:49;*
27/10/2018;14:41:59;229;AC;1040;MARECHAL THAUMATURGO;4;1195365;8,74E+23;CD01FCDC;28/09/2018 11:40;*
27/10/2018;14:41:59;229;AC;1040;MARECHAL THAUMATURGO;4;1193535;2,28E+23;E8D5FE5F;27/09/2018 19:22;*
27/10/2018;14:41:59;229;AC;1040;MARECHAL THAUMATURGO;4;1104499;9,63E+22;E8D5FE5F;28/09/2018 15:27;*
27/10/2018;14:41:59;229;AC;1040;MARECHAL THAUMATURGO;4;1104200;3,39E+23;CD01FCDC;28/09/2018 15:39;*
27/10/2018;14:41:59;229;AC;1040;MARECHAL THAUMATURGO;4;1101433;5,51E+23;E8D5FE5F;28/09/2018 11:48;*
27/10/2018;14:41:59;229;AC;1040;MARECHAL THAUMATURGO;4;1100920;4,40E+23;E8D5FE5F;28/09/2018 15:17;*
27/10/2018;14:41:59;229;AC;1040;MARECHAL THAUMATURGO;4;1075953;8,54E+23;E8D5FE5F;28/09/2018 11:40;*
27/10/2018;14:41:59;229;AC;1040;MARECHAL THAUMATURGO;4;1034826;3,08E+23;CD01FCDC;28/09/2018 11:22;*
27/10/2018;14:41:59;229;AC;1040;MARECHAL THAUMATURGO;4;1030630;4,40E+23;CD01FCDC;28/09/2018 15:18;*
27/10/2018;14:41:59;229;AC;1040;MARECHAL THAUMATURGO;4;1008094;7,63E+23;CD01FCDC;28/09/2018 11:48;*
27/10/2018;14:41:59;229;AC;1040;MARECHAL THAUMATURGO;4;1004094;4,09E+23;CD01FCDC;28/09/2018 15:27;*
27/10/2018;14:41:59;229;AC;1031;SANTA ROSA DO PURUS;3;1104851;4,50E+23;B547B8A7;26/09/2018 17:15;*
27/10/2018;14:41:59;229;AC;1031;SANTA ROSA DO PURUS;3;1104846;4,50E+23;B547B8A7;26/09/2018 18:13;*
27/10/2018;14:41:59;229;AC;1031;SANTA ROSA DO PURUS;3;1096714;6,01E+23;B547B8A7;26/09/2018 17:50;*
27/10/2018;14:41:59;229;AC;1031;SANTA ROSA DO PURUS;3;1080258;6,62E+23;B547B8A7;26/09/2018 17:10;*
27/10/2018;14:41:59;229;AC;1031;SANTA ROSA DO PURUS;3;1075872;9,45E+23;B547B8A7;26/09/2018 18:08;*
27/10/2018;14:41:59;229;AC;1031;SANTA ROSA DO PURUS;3;1034812;1,97E+23;B547B8A7;26/09/2018 17:29;*
27/10/2018;14:41:59;229;AC;1031;SANTA ROSA DO PURUS;3;1034810;1,87E+23;B547B8A7;26/09/2018 17:21;*
27/10/2018;14:41:59;229;AC;1031;SANTA ROSA DO PURUS;3;1023727;8,59E+22;B547B8A7;26/09/2018 17:58;*
27/10/2018;14:41:59;229;AC;1031;SANTA ROSA DO PURUS;3;1000147;5,00E+23;B547B8A7;26/09/2018 17:37;*
27/10/2018;14:41:59;229;AC;1023;PORTO ACRE;1;1763536;9,76E+23;B3CC483C;28/09/2018 14:20;*
27/10/2018;14:41:59;229;AC;1023;PORTO ACRE;1;1763376;5,61E+23;E8AEB3F4;28/09/2018 15:21;*
27/10/2018;14:41:59;229;AC;1023;PORTO ACRE;1;1763366;7,03E+23;B3CC483C;28/09/2018 15:25;*
27/10/2018;14:41:59;229;AC;1023;PORTO ACRE;1;1763093;9,67E+22;B3CC483C;28/09/2018 14:42;*
27/10/2018;14:41:59;229;AC;1023;PORTO ACRE;1;1762931;6,12E+23;E8AEB3F4;28/09/2018 14:37;*
27/10/2018;14:41:59;229;AC;1023;PORTO ACRE;1;1762901;9,05E+23;B3CC483C;28/09/2018 14:14;*
27/10/2018;14:41:59;229;AC;1023;PORTO ACRE;1;1761827;6,73E+23;B3CC483C;28/09/2018 14:27;*
27/10/2018;14:41:59;229;AC;1023;PORTO ACRE;1;1761812;3,59E+23;B3CC483C;28/09/2018 15:30;*
27/10/2018;14:41:59;229;AC;1023;PORTO ACRE;1;1761546;6,12E+23;E8AEB3F4;28/09/2018 14:20;*
27/10/2018;14:41:59;229;AC;1023;PORTO ACRE;1;1761363;5,31E+23;E8AEB3F4;28/09/2018 14:42;*
27/10/2018;14:41:59;229;AC;1023;PORTO ACRE;1;1760733;8,64E+23;E8AEB3F4;28/09/2018 14:26;*
27/10/2018;14:41:59;229;AC;1023;PORTO ACRE;1;1758343;5,11E+23;B3CC483C;28/09/2018 14:37;*
27/10/2018;14:41:59;229;AC;1023;PORTO ACRE;1;1758280;5,81E+21;E8AEB3F4;28/09/2018 15:29;*
27/10/2018;14:41:59;229;AC;1023;PORTO ACRE;1;1758086;5,72E+23;E8AEB3F4;28/09/2018 14:32;*
27/10/2018;14:41:59;229;AC;1023;PORTO ACRE;1;1757692;4,30E+23;B3CC483C;28/09/2018 15:19;*
27/10/2018;14:41:59;229;AC;1023;PORTO ACRE;1;1757549;8,24E+23;E8AEB3F4;28/09/2018 14:14;*
27/10/2018;14:41:59;229;AC;1023;PORTO ACRE;1;1752293;5,41E+23;B3CC483C;28/09/2018 14:32;*
27/10/2018;14:41:59;229;AC;1015;CAPIXABA;2;1192913;1,28E+23;12EBE806;28/09/2018 14:02;*
27/10/2018;14:41:59;229;AC;1015;CAPIXABA;2;1178232;9,46E+23;12EBE806;28/09/2018 13:45;*
27/10/2018;14:41:59;229;AC;1015;CAPIXABA;2;1106557;7,34E+23;12EBE806;28/09/2018 12:25;*
27/10/2018;14:41:59;229;AC;1015;CAPIXABA;2;1105218;7,44E+23;12EBE806;28/09/2018 11:58;*
27/10/2018;14:41:59;229;AC;1015;CAPIXABA;2;1105008;3,70E+23;12EBE806;28/09/2018 13:55;*
27/10/2018;14:41:59;229;AC;1015;CAPIXABA;2;1104724;7,14E+23;12EBE806;28/09/2018 14:34;*
27/10/2018;14:41:59;229;AC;1015;CAPIXABA;2;1075780;7,74E+23;12EBE806;28/09/2018 11:41;*
27/10/2018;14:41:59;229;AC;1015;CAPIXABA;2;1072261;4,51E+23;12EBE806;28/09/2018 12:43;*
27/10/2018;14:41:59;229;AC;1015;CAPIXABA;2;1034262;3,90E+23;12EBE806;28/09/2018 12:07;*
27/10/2018;14:41:59;229;AC;1015;CAPIXABA;2;1032401;5,32E+23;12EBE806;28/09/2018 11:48;*
27/10/2018;14:41:59;229;AC;1015;CAPIXABA;2;1014148;9,76E+23;12EBE806;28/09/2018 11:51;*
27/10/2018;14:41:59;229;AC;1007;BUJARI;9;1848240;6,23E+23;1D9EE409;29/09/2018 15:55;*
27/10/2018;14:41:59;229;AC;1007;BUJARI;9;1763570;5,53E+23;1D9EE409;29/09/2018 16:02;*
27/10/2018;14:41:59;229;AC;1007;BUJARI;9;1763041;6,44E+23;632C5110;29/09/2018 16:11;*
27/10/2018;14:41:59;229;AC;1007;BUJARI;9;1762834;9,97E+23;632C5110;29/09/2018 16:29;*
27/10/2018;14:41:59;229;AC;1007;BUJARI;9;1762618;7,14E+23;1D9EE409;29/09/2018 16:36;*
27/10/2018;14:41:59;229;AC;1007;BUJARI;9;1761770;7,55E+23;1D9EE409;29/09/2018 16:17;*
27/10/2018;14:41:59;229;AC;1007;BUJARI;9;1761523;5,12E+23;1D9EE409;29/09/2018 16:11;*
27/10/2018;14:41:59;229;AC;1007;BUJARI;9;1761160;2,60E+23;632C5110;29/09/2018 16:05;*
27/10/2018;14:41:59;229;AC;1007;BUJARI;9;1758907;7,95E+23;1D9EE409;29/09/2018 15:39;*
27/10/2018;14:41:59;229;AC;1007;BUJARI;9;1758330;3,61E+23;1D9EE409;29/09/2018 16:24;*
27/10/2018;14:41:59;229;AC;1007;BUJARI;9;1758214;6,03E+23;632C5110;29/09/2018 16:18;*
27/10/2018;14:41:59;229;AC;1007;BUJARI;9;1758184;4,32E+23;632C5110;29/09/2018 16:35;*
27/10/2018;14:41:59;229;AC;1007;BUJARI;9;1758078;1,28E+23;632C5110;29/09/2018 16:23;*
27/10/2018;14:41:59;229;AC;1007;BUJARI;9;1757800;9,81E+22;1D9EE409;29/09/2018 16:30;*
27/10/2018;14:41:59;229;AC;1007;BUJARI;9;1757060;4,62E+23;1D9EE409;29/09/2018 15:50;*
